{"cameraMode":{"drawMode":0,"name":"Shaded","section":"Shading Mode"},"sceneLighting":false,"audioPlay":false,"sceneViewState":{"showFog":true,"showMaterialUpdate":false,"showSkybox":false,"showFlares":true,"showImageEffects":true,"showParticleSystems":true},"in2DMode":false,"pivot":{"x":3.626127243041992,"y":0.5014522075653076,"z":4.543508529663086},"rotation":{"x":-0.04811669886112213,"y":0.6860331296920776,"z":-0.04555559903383255,"w":-0.7245520353317261},"size":22.081092834472658,"orthographic":false}