{"cameraMode":{"drawMode":0,"name":"Shaded","section":"Shading Mode"},"sceneLighting":false,"audioPlay":false,"sceneViewState":{"showFog":true,"showMaterialUpdate":false,"showSkybox":false,"showFlares":true,"showImageEffects":true,"showParticleSystems":true},"in2DMode":false,"pivot":{"x":-0.00012969970703125,"y":3.0001068115234377,"z":0.0000016093254089355469},"rotation":{"x":-0.34202438592910769,"y":0.6148113012313843,"z":-0.3357214331626892,"w":-0.6263556480407715},"size":28.8048095703125,"orthographic":false}