{"cameraMode":{"drawMode":0,"name":"Shaded","section":"Shading Mode"},"sceneLighting":true,"audioPlay":false,"sceneViewState":{"showFog":true,"showMaterialUpdate":false,"showSkybox":true,"showFlares":true,"showImageEffects":true,"showParticleSystems":true},"in2DMode":false,"pivot":{"x":-0.5667247772216797,"y":1.40167236328125,"z":0.8755275011062622},"rotation":{"x":-0.3504483103752136,"y":0.6102253198623657,"z":-0.3439922630786896,"w":-0.6216843724250794},"size":34.470252990722659,"orthographic":false}