{"cameraMode":{"drawMode":0,"name":"Shaded","section":"Shading Mode"},"sceneLighting":false,"audioPlay":false,"sceneViewState":{"showFog":true,"showMaterialUpdate":false,"showSkybox":false,"showFlares":true,"showImageEffects":true,"showParticleSystems":true},"in2DMode":false,"pivot":{"x":-8.459877967834473,"y":1.7240409851074219,"z":0.516442060470581},"rotation":{"x":-0.082573801279068,"y":0.7123687267303467,"z":-0.085035540163517,"w":-0.6917275786399841},"size":39.45344543457031,"orthographic":false}